rsID_1	rsID_2	haplotypes	pA	pB	pAB	D	r^2	Dprime
rs1050979	rs45626136	{'00': 96, '01': 5, '10': 92, '11': 7}	0.505	0.94	0.48	0.005300000000000027	0.0019923978213424367	0.17491749174917565
rs1050979	rs3093664	{'00': 87, '01': 14, '10': 87, '11': 12}	0.505	0.87	0.435	-0.0043500000000000205	0.0006692976990006756	0.06759906759906792
rs1050979	rs1015166	{'00': 71, '01': 30, '10': 66, '11': 33}	0.505	0.685	0.355	0.009074999999999944	0.001526847158125596	0.05704856199905671
rs1050979	rs72928038	{'00': 77, '01': 24, '10': 79, '11': 20}	0.505	0.78	0.385	-0.008900000000000019	0.0018465716035473091	0.08172635445362737
rs1050979	rs9354144	{'00': 91, '01': 10, '10': 93, '11': 6}	0.505	0.92	0.455	-0.009599999999999997	0.005009196571831095	0.24242424242424246
rs45626136	rs3093664	{'00': 163, '01': 25, '10': 11, '11': 1}	0.94	0.87	0.815	-0.0028000000000000247	0.0012290635914994155	0.3589743589743618
rs45626136	rs1015166	{'00': 129, '01': 59, '10': 8, '11': 4}	0.94	0.685	0.645	0.0010999999999999899	9.942718437826184e-05	0.02676399026763963
rs45626136	rs72928038	{'00': 146, '01': 42, '10': 10, '11': 2}	0.94	0.78	0.73	-0.0031999999999999806	0.0010580436112350871	0.24242424242424077
rs45626136	rs9354144	{'00': 173, '01': 15, '10': 11, '11': 1}	0.94	0.92	0.865	0.00019999999999997797	9.636139377117824e-06	0.003623188405796699
rs3093664	rs1015166	{'00': 114, '01': 60, '10': 23, '11': 3}	0.87	0.685	0.57	-0.02595000000000014	0.027593767085335466	0.6336996336996372
rs3093664	rs72928038	{'00': 137, '01': 37, '10': 19, '11': 7}	0.87	0.78	0.685	0.006400000000000072	0.002110474259015421	0.06311637080867921
rs3093664	rs9354144	{'00': 161, '01': 13, '10': 23, '11': 3}	0.87	0.92	0.805	0.0046000000000000485	0.0025419982316534583	0.06609195402298923
rs1015166	rs72928038	{'00': 103, '01': 34, '10': 53, '11': 10}	0.685	0.78	0.515	-0.019300000000000095	0.010059958965068555	0.2784992784992799
rs1015166	rs9354144	{'00': 125, '01': 12, '10': 59, '11': 4}	0.685	0.92	0.625	-0.0052000000000000934	0.0017026592716850402	0.2063492063492102
rs72928038	rs9354144	{'00': 142, '01': 14, '10': 42, '11': 2}	0.78	0.92	0.71	-0.007600000000000051	0.004573325225499203	0.43181818181818493
rs1050979	rs45626136	{'00': 96, '01': 5, '10': 92, '11': 7}	0.505	0.94	0.48	0.005300000000000027	0.0019923978213424367	0.17491749174917565
rs1050979	rs3093664	{'00': 87, '01': 14, '10': 87, '11': 12}	0.505	0.87	0.435	-0.0043500000000000205	0.0006692976990006756	0.06759906759906792
rs1050979	rs1015166	{'00': 71, '01': 30, '10': 66, '11': 33}	0.505	0.685	0.355	0.009074999999999944	0.001526847158125596	0.05704856199905671
rs1050979	rs72928038	{'00': 77, '01': 24, '10': 79, '11': 20}	0.505	0.78	0.385	-0.008900000000000019	0.0018465716035473091	0.08172635445362737
rs1050979	rs9354144	{'00': 91, '01': 10, '10': 93, '11': 6}	0.505	0.92	0.455	-0.009599999999999997	0.005009196571831095	0.24242424242424246
rs45626136	rs3093664	{'00': 163, '01': 25, '10': 11, '11': 1}	0.94	0.87	0.815	-0.0028000000000000247	0.0012290635914994155	0.3589743589743618
rs45626136	rs1015166	{'00': 129, '01': 59, '10': 8, '11': 4}	0.94	0.685	0.645	0.0010999999999999899	9.942718437826184e-05	0.02676399026763963
rs45626136	rs72928038	{'00': 146, '01': 42, '10': 10, '11': 2}	0.94	0.78	0.73	-0.0031999999999999806	0.0010580436112350871	0.24242424242424077
rs45626136	rs9354144	{'00': 173, '01': 15, '10': 11, '11': 1}	0.94	0.92	0.865	0.00019999999999997797	9.636139377117824e-06	0.003623188405796699
rs3093664	rs1015166	{'00': 114, '01': 60, '10': 23, '11': 3}	0.87	0.685	0.57	-0.02595000000000014	0.027593767085335466	0.6336996336996372
rs3093664	rs72928038	{'00': 137, '01': 37, '10': 19, '11': 7}	0.87	0.78	0.685	0.006400000000000072	0.002110474259015421	0.06311637080867921
rs3093664	rs9354144	{'00': 161, '01': 13, '10': 23, '11': 3}	0.87	0.92	0.805	0.0046000000000000485	0.0025419982316534583	0.06609195402298923
rs1015166	rs72928038	{'00': 103, '01': 34, '10': 53, '11': 10}	0.685	0.78	0.515	-0.019300000000000095	0.010059958965068555	0.2784992784992799
rs1015166	rs9354144	{'00': 125, '01': 12, '10': 59, '11': 4}	0.685	0.92	0.625	-0.0052000000000000934	0.0017026592716850402	0.2063492063492102
rs72928038	rs9354144	{'00': 142, '01': 14, '10': 42, '11': 2}	0.78	0.92	0.71	-0.007600000000000051	0.004573325225499203	0.43181818181818493
